date,index,sourcetype,gb
2026-08-28,app,login_events,3.1151
2026-08-28,app,verbose_debug,36.7252
2026-08-28,cdn,edge_access,49.9001
2026-08-28,compliance,pci_audit_log,13.2535
2026-08-28,dr,heartbeat_check,20.2004
2026-08-28,infra,syslog,5.9874
2026-08-28,integration,partner_feed,10.3691
2026-08-28,legacy,app_2019,0.2457
2026-08-28,network,snmp_traps,11.4536
2026-08-28,sales,pos_transactions,8.2633
2026-08-28,windows,eventlog,14.456
2026-08-28,windows,eventlog_raw,34.5054
2026-08-29,app,login_events,2.9378
2026-08-29,app,verbose_debug,35.648
2026-08-29,cdn,edge_access,44.9786
2026-08-29,compliance,pci_audit_log,13.8957
2026-08-29,dr,heartbeat_check,19.1308
2026-08-29,infra,syslog,5.5214
2026-08-29,integration,partner_feed,7.8507
2026-08-29,legacy,app_2019,0.3783
2026-08-29,network,snmp_traps,14.0309
2026-08-29,sales,pos_transactions,8.5769
2026-08-29,windows,eventlog,16.0733
2026-08-29,windows,eventlog_raw,29.0687
2026-08-30,app,login_events,3.1323
2026-08-30,app,verbose_debug,36.9993
2026-08-30,cdn,edge_access,40.6719
2026-08-30,compliance,pci_audit_log,12.8036
2026-08-30,dr,heartbeat_check,19.9938
2026-08-30,infra,syslog,6.4264
2026-08-30,integration,partner_feed,9.3695
2026-08-30,legacy,app_2019,0.2498
2026-08-30,network,snmp_traps,12.9286
2026-08-30,sales,pos_transactions,7.848
2026-08-30,windows,eventlog,15.3683
2026-08-30,windows,eventlog_raw,29.0045
2026-08-31,app,login_events,2.6924
2026-08-31,app,verbose_debug,37.9996
2026-08-31,cdn,edge_access,50.8898
2026-08-31,compliance,pci_audit_log,13.3679
2026-08-31,dr,heartbeat_check,19.3023
2026-08-31,infra,syslog,5.7748
2026-08-31,integration,partner_feed,8.5171
2026-08-31,legacy,app_2019,0.3133
2026-08-31,network,snmp_traps,11.2324
2026-08-31,sales,pos_transactions,7.8118
2026-08-31,windows,eventlog,15.4506
2026-08-31,windows,eventlog_raw,31.1538
2026-09-01,app,login_events,1.8685
2026-09-01,app,verbose_debug,40.9217
2026-09-01,cdn,edge_access,47.8814
2026-09-01,compliance,pci_audit_log,14.329
2026-09-01,dr,heartbeat_check,19.1875
2026-09-01,infra,syslog,6.6824
2026-09-01,integration,partner_feed,8.8257
2026-09-01,legacy,app_2019,0.2949
2026-09-01,network,snmp_traps,13.0382
2026-09-01,sales,pos_transactions,8.7162
2026-09-01,windows,eventlog,16.6402
2026-09-01,windows,eventlog_raw,33.3417
2026-09-02,app,login_events,3.2174
2026-09-02,app,verbose_debug,41.5732
2026-09-02,cdn,edge_access,39.4821
2026-09-02,compliance,pci_audit_log,14.5368
2026-09-02,dr,heartbeat_check,20.1657
2026-09-02,infra,syslog,5.7042
2026-09-02,integration,partner_feed,10.6933
2026-09-02,legacy,app_2019,0.3086
2026-09-02,network,snmp_traps,10.0847
2026-09-02,sales,pos_transactions,8.3506
2026-09-02,windows,eventlog,14.7054
2026-09-02,windows,eventlog_raw,30.9786
2026-09-03,app,login_events,3.0359
2026-09-03,app,verbose_debug,37.5801
2026-09-03,cdn,edge_access,47.7154
2026-09-03,compliance,pci_audit_log,13.4989
2026-09-03,dr,heartbeat_check,19.4052
2026-09-03,infra,syslog,5.0384
2026-09-03,integration,partner_feed,8.1849
2026-09-03,legacy,app_2019,0.3617
2026-09-03,network,snmp_traps,12.1973
2026-09-03,sales,pos_transactions,8.2729
2026-09-03,windows,eventlog,15.9346
2026-09-03,windows,eventlog_raw,33.927
2026-09-04,app,login_events,2.4865
2026-09-04,app,verbose_debug,38.3771
2026-09-04,cdn,edge_access,44.9832
2026-09-04,compliance,pci_audit_log,14.0528
2026-09-04,dr,heartbeat_check,19.857
2026-09-04,infra,syslog,5.6571
2026-09-04,integration,partner_feed,9.0545
2026-09-04,legacy,app_2019,0.3747
2026-09-04,network,snmp_traps,9.5629
2026-09-04,sales,pos_transactions,7.9417
2026-09-04,windows,eventlog,13.6987
2026-09-04,windows,eventlog_raw,29.126
2026-09-05,app,login_events,2.718
2026-09-05,app,verbose_debug,36.1793
2026-09-05,cdn,edge_access,46.8709
2026-09-05,compliance,pci_audit_log,14.6522
2026-09-05,dr,heartbeat_check,19.9318
2026-09-05,infra,syslog,5.8626
2026-09-05,integration,partner_feed,8.2313
2026-09-05,legacy,app_2019,0.2407
2026-09-05,network,snmp_traps,11.1923
2026-09-05,sales,pos_transactions,8.2087
2026-09-05,windows,eventlog,14.2773
2026-09-05,windows,eventlog_raw,26.0015
2026-09-06,app,login_events,2.9632
2026-09-06,app,verbose_debug,39.0807
2026-09-06,cdn,edge_access,46.8769
2026-09-06,compliance,pci_audit_log,15.4088
2026-09-06,dr,heartbeat_check,19.9062
2026-09-06,infra,syslog,4.7545
2026-09-06,integration,partner_feed,9.1891
2026-09-06,legacy,app_2019,0.2524
2026-09-06,network,snmp_traps,11.0226
2026-09-06,sales,pos_transactions,8.4382
2026-09-06,windows,eventlog,14.0841
2026-09-06,windows,eventlog_raw,33.1902
2026-09-07,app,login_events,2.9164
2026-09-07,app,verbose_debug,36.9494
2026-09-07,cdn,edge_access,50.2149
2026-09-07,compliance,pci_audit_log,14.0436
2026-09-07,dr,heartbeat_check,20.1528
2026-09-07,infra,syslog,5.8565
2026-09-07,integration,partner_feed,8.9412
2026-09-07,legacy,app_2019,0.2644
2026-09-07,network,snmp_traps,13.422
2026-09-07,sales,pos_transactions,8.0889
2026-09-07,windows,eventlog,14.1233
2026-09-07,windows,eventlog_raw,29.5162
2026-09-08,app,login_events,2.5713
2026-09-08,app,verbose_debug,39.1942
2026-09-08,cdn,edge_access,48.1639
2026-09-08,compliance,pci_audit_log,14.6118
2026-09-08,dr,heartbeat_check,21.0474
2026-09-08,infra,syslog,6.9648
2026-09-08,integration,partner_feed,8.3242
2026-09-08,legacy,app_2019,0.2924
2026-09-08,network,snmp_traps,10.9292
2026-09-08,sales,pos_transactions,8.2643
2026-09-08,windows,eventlog,16.5178
2026-09-08,windows,eventlog_raw,31.4906
2026-09-09,app,login_events,2.4092
2026-09-09,app,verbose_debug,37.7136
2026-09-09,cdn,edge_access,43.0427
2026-09-09,compliance,pci_audit_log,12.7954
2026-09-09,dr,heartbeat_check,20.425
2026-09-09,infra,syslog,6.4961
2026-09-09,integration,partner_feed,10.6317
2026-09-09,legacy,app_2019,0.251
2026-09-09,network,snmp_traps,12.1082
2026-09-09,sales,pos_transactions,7.9812
2026-09-09,windows,eventlog,14.2201
2026-09-09,windows,eventlog_raw,29.0596
2026-09-10,app,login_events,3.3351
2026-09-10,app,verbose_debug,40.2098
2026-09-10,cdn,edge_access,42.3604
2026-09-10,compliance,pci_audit_log,13.1659
2026-09-10,dr,heartbeat_check,20.5228
2026-09-10,infra,syslog,5.7006
2026-09-10,integration,partner_feed,8.0235
2026-09-10,legacy,app_2019,0.1877
2026-09-10,network,snmp_traps,12.7497
2026-09-10,sales,pos_transactions,8.0032
2026-09-10,windows,eventlog,16.547
2026-09-10,windows,eventlog_raw,30.96
2026-09-11,app,login_events,2.7124
2026-09-11,app,verbose_debug,38.9435
2026-09-11,cdn,edge_access,43.702
2026-09-11,compliance,pci_audit_log,13.1547
2026-09-11,dr,heartbeat_check,18.7525
2026-09-11,infra,syslog,5.9313
2026-09-11,integration,partner_feed,8.7788
2026-09-11,legacy,app_2019,0.2544
2026-09-11,network,snmp_traps,11.2557
2026-09-11,sales,pos_transactions,8.4661
2026-09-11,windows,eventlog,14.6524
2026-09-11,windows,eventlog_raw,29.568
2026-09-12,app,login_events,3.15
2026-09-12,app,verbose_debug,41.6244
2026-09-12,cdn,edge_access,43.465
2026-09-12,compliance,pci_audit_log,13.856
2026-09-12,dr,heartbeat_check,19.368
2026-09-12,infra,syslog,6.7545
2026-09-12,integration,partner_feed,8.5969
2026-09-12,legacy,app_2019,0.3292
2026-09-12,network,snmp_traps,11.4908
2026-09-12,sales,pos_transactions,7.2885
2026-09-12,windows,eventlog,14.6479
2026-09-12,windows,eventlog_raw,32.1773
2026-09-13,app,login_events,2.5432
2026-09-13,app,verbose_debug,38.9358
2026-09-13,cdn,edge_access,40.3286
2026-09-13,compliance,pci_audit_log,13.715
2026-09-13,dr,heartbeat_check,19.4502
2026-09-13,infra,syslog,5.4716
2026-09-13,integration,partner_feed,8.359
2026-09-13,legacy,app_2019,0.3184
2026-09-13,network,snmp_traps,10.723
2026-09-13,sales,pos_transactions,8.7608
2026-09-13,windows,eventlog,13.6138
2026-09-13,windows,eventlog_raw,27.7672
2026-09-14,app,login_events,2.8362
2026-09-14,app,verbose_debug,39.6677
2026-09-14,cdn,edge_access,44.104
2026-09-14,compliance,pci_audit_log,14.5879
2026-09-14,dr,heartbeat_check,20.475
2026-09-14,infra,syslog,6.0709
2026-09-14,integration,partner_feed,9.7505
2026-09-14,legacy,app_2019,0.3546
2026-09-14,network,snmp_traps,12.1881
2026-09-14,sales,pos_transactions,8.5474
2026-09-14,windows,eventlog,13.6419
2026-09-14,windows,eventlog_raw,30.3186
2026-09-15,app,login_events,3.2482
2026-09-15,app,verbose_debug,34.5327
2026-09-15,cdn,edge_access,40.3287
2026-09-15,compliance,pci_audit_log,14.5269
2026-09-15,dr,heartbeat_check,19.7185
2026-09-15,infra,syslog,7.0885
2026-09-15,integration,partner_feed,8.4948
2026-09-15,legacy,app_2019,0.3213
2026-09-15,network,snmp_traps,11.7654
2026-09-15,sales,pos_transactions,7.6138
2026-09-15,windows,eventlog,15.2751
2026-09-15,windows,eventlog_raw,29.7157
2026-09-16,app,login_events,2.089
2026-09-16,app,verbose_debug,37.4331
2026-09-16,cdn,edge_access,44.9618
2026-09-16,compliance,pci_audit_log,14.1493
2026-09-16,dr,heartbeat_check,20.4105
2026-09-16,infra,syslog,6.3463
2026-09-16,integration,partner_feed,9.823
2026-09-16,legacy,app_2019,0.3261
2026-09-16,network,snmp_traps,11.5993
2026-09-16,sales,pos_transactions,8.5697
2026-09-16,windows,eventlog,15.7949
2026-09-16,windows,eventlog_raw,29.861
2026-09-17,app,login_events,3.145
2026-09-17,app,verbose_debug,38.6881
2026-09-17,cdn,edge_access,43.7485
2026-09-17,compliance,pci_audit_log,14.9426
2026-09-17,dr,heartbeat_check,19.4854
2026-09-17,infra,syslog,6.2886
2026-09-17,integration,partner_feed,10.9699
2026-09-17,legacy,app_2019,0.2424
2026-09-17,network,snmp_traps,12.5569
2026-09-17,sales,pos_transactions,8.0517
2026-09-17,windows,eventlog,14.0246
2026-09-17,windows,eventlog_raw,31.9297
2026-09-18,app,login_events,3.0555
2026-09-18,app,verbose_debug,37.056
2026-09-18,cdn,edge_access,45.9549
2026-09-18,compliance,pci_audit_log,14.7477
2026-09-18,dr,heartbeat_check,18.9265
2026-09-18,infra,syslog,6.1876
2026-09-18,integration,partner_feed,8.6661
2026-09-18,legacy,app_2019,0.2498
2026-09-18,network,snmp_traps,11.3391
2026-09-18,sales,pos_transactions,8.9396
2026-09-18,windows,eventlog,12.9083
2026-09-18,windows,eventlog_raw,27.7216
2026-09-19,app,login_events,2.8592
2026-09-19,app,verbose_debug,35.688
2026-09-19,cdn,edge_access,48.7106
2026-09-19,compliance,pci_audit_log,14.1469
2026-09-19,dr,heartbeat_check,20.5493
2026-09-19,infra,syslog,5.8078
2026-09-19,integration,partner_feed,9.2153
2026-09-19,legacy,app_2019,0.3447
2026-09-19,network,snmp_traps,12.041
2026-09-19,sales,pos_transactions,8.606
2026-09-19,windows,eventlog,15.2969
2026-09-19,windows,eventlog_raw,27.4734
2026-09-20,app,login_events,2.849
2026-09-20,app,verbose_debug,36.9801
2026-09-20,cdn,edge_access,41.4558
2026-09-20,compliance,pci_audit_log,13.9914
2026-09-20,dr,heartbeat_check,19.3304
2026-09-20,infra,syslog,5.8772
2026-09-20,integration,partner_feed,8.3117
2026-09-20,legacy,app_2019,0.3557
2026-09-20,network,snmp_traps,9.6466
2026-09-20,sales,pos_transactions,8.6514
2026-09-20,windows,eventlog,14.5241
2026-09-20,windows,eventlog_raw,25.4357
2026-09-21,app,login_events,3.1055
2026-09-21,app,verbose_debug,36.7705
2026-09-21,cdn,edge_access,45.7466
2026-09-21,compliance,pci_audit_log,16.1993
2026-09-21,dr,heartbeat_check,19.9547
2026-09-21,infra,syslog,5.0987
2026-09-21,integration,partner_feed,8.9854
2026-09-21,legacy,app_2019,0.2715
2026-09-21,network,snmp_traps,11.7155
2026-09-21,sales,pos_transactions,7.5901
2026-09-21,windows,eventlog,14.3408
2026-09-21,windows,eventlog_raw,30.163
2026-09-22,app,login_events,2.4
2026-09-22,app,verbose_debug,38.1614
2026-09-22,cdn,edge_access,45.3241
2026-09-22,compliance,pci_audit_log,13.6077
2026-09-22,dr,heartbeat_check,19.7558
2026-09-22,infra,syslog,6.1862
2026-09-22,integration,partner_feed,8.3511
2026-09-22,legacy,app_2019,0.3861
2026-09-22,network,snmp_traps,10.8527
2026-09-22,sales,pos_transactions,8.3588
2026-09-22,windows,eventlog,15.0381
2026-09-22,windows,eventlog_raw,29.3052
2026-09-23,app,login_events,2.5376
2026-09-23,app,verbose_debug,39.6067
2026-09-23,cdn,edge_access,48.53
2026-09-23,compliance,pci_audit_log,13.2533
2026-09-23,dr,heartbeat_check,20.4734
2026-09-23,infra,syslog,6.4337
2026-09-23,integration,partner_feed,8.6451
2026-09-23,legacy,app_2019,0.2327
2026-09-23,network,snmp_traps,12.1747
2026-09-23,sales,pos_transactions,7.6364
2026-09-23,windows,eventlog,15.152
2026-09-23,windows,eventlog_raw,29.5492
2026-09-24,app,login_events,2.5988
2026-09-24,app,verbose_debug,36.3551
2026-09-24,cdn,edge_access,45.4677
2026-09-24,compliance,pci_audit_log,14.4494
2026-09-24,dr,heartbeat_check,19.558
2026-09-24,infra,syslog,6.2471
2026-09-24,integration,partner_feed,10.0456
2026-09-24,legacy,app_2019,0.3549
2026-09-24,network,snmp_traps,11.2404
2026-09-24,sales,pos_transactions,7.2712
2026-09-24,windows,eventlog,15.8222
2026-09-24,windows,eventlog_raw,27.5817
2026-09-25,app,login_events,3.7688
2026-09-25,app,verbose_debug,36.7897
2026-09-25,cdn,edge_access,45.2369
2026-09-25,compliance,pci_audit_log,12.6532
2026-09-25,dr,heartbeat_check,19.9835
2026-09-25,infra,syslog,6.0323
2026-09-25,integration,partner_feed,10.2685
2026-09-25,legacy,app_2019,0.2979
2026-09-25,network,snmp_traps,11.871
2026-09-25,sales,pos_transactions,8.3107
2026-09-25,windows,eventlog,15.1668
2026-09-25,windows,eventlog_raw,28.2192
2026-09-26,app,login_events,2.9753
2026-09-26,app,verbose_debug,38.3305
2026-09-26,cdn,edge_access,45.4804
2026-09-26,compliance,pci_audit_log,11.2269
2026-09-26,dr,heartbeat_check,20.8103
2026-09-26,infra,syslog,5.5743
2026-09-26,integration,partner_feed,9.9322
2026-09-26,legacy,app_2019,0.3004
2026-09-26,network,snmp_traps,11.8348
2026-09-26,sales,pos_transactions,7.6394
2026-09-26,windows,eventlog,15.0697
2026-09-26,windows,eventlog_raw,27.9973
